;mean_fit_time;std_fit_time;mean_score_time;std_score_time;param_max_depth;param_max_features;param_n_estimators;params;split0_test_score;split1_test_score;split2_test_score;split3_test_score;split4_test_score;mean_test_score;std_test_score;rank_test_score
0;0.0063820362091064455;6.675079859947505e-05;0.001035308837890625;1.8561525676843266e-05;;0.33;5;{'max_depth': None, 'max_features': 0.33, 'n_estimators': 5};0.1449999999999998;-0.43999999999999995;-0.24;0.42000000000000015;-0.49714285714285755;-0.12242857142857151;0.3523725996436044;137
1;0.01576094627380371;0.007092455244489509;0.001552724838256836;0.00014049524397360806;;0.33;10;{'max_depth': None, 'max_features': 0.33, 'n_estimators': 10};0.1819642857142858;-0.039999999999999813;-0.2849999999999999;0.5125000000000002;0.26857142857142846;0.12760714285714295;0.27177378423225146;23
2;0.017415761947631836;0.0001868844606396163;0.0018076419830322266;1.1329674961565412e-05;;0.33;15;{'max_depth': None, 'max_features': 0.33, 'n_estimators': 15};0.22499999999999987;-0.04761904761904767;-0.41333333333333355;0.45444444444444443;0.18603174603174588;0.08090476190476178;0.29398526468661607;64
3;0.028060102462768556;3.566875812241838e-05;0.002550029754638672;8.348872615142552e-06;;0.33;25;{'max_depth': None, 'max_features': 0.33, 'n_estimators': 25};0.09665714285714289;-0.12365714285714269;-0.4328000000000001;0.5299999999999998;0.16754285714285722;0.047548571428571426;0.3192540706083479;94
4;0.05533332824707031;0.00019158604951863926;0.0045563697814941405;0.00022875232807532175;;0.33;50;{'max_depth': None, 'max_features': 0.33, 'n_estimators': 50};0.0974285714285712;-0.17828571428571438;-0.10599999999999987;0.5523999999999998;0.23222857142857123;0.11955428571428559;0.2608155883659829;33
5;0.08226637840270996;0.0002938442742102022;0.006334257125854492;5.265962118440591e-05;;0.33;75;{'max_depth': None, 'max_features': 0.33, 'n_estimators': 75};0.08331428571428556;-0.1635301587301583;-0.07146666666666657;0.5254666666666667;0.23738412698412692;0.12223365079365087;0.24353725877282512;27
6;0.006356239318847656;2.1711543103356534e-05;0.0010132789611816406;4.5186453782967126e-06;;0.67;5;{'max_depth': None, 'max_features': 0.67, 'n_estimators': 5};0.08714285714285719;-0.33714285714285697;-0.7000000000000002;0.53;-0.040000000000000036;-0.092;0.41265946824796584;132
7;0.011858606338500976;7.822812596994672e-05;0.0013961315155029297;4.453771373304603e-06;;0.67;10;{'max_depth': None, 'max_features': 0.67, 'n_estimators': 10};0.16589285714285706;-0.18285714285714305;-0.03500000000000014;0.4175000000000001;-0.04000000000000026;0.06510714285714274;0.20827564643510108;83
8;0.01725931167602539;5.677514843312244e-05;0.0017746448516845702;7.78954036055921e-06;;0.67;15;{'max_depth': None, 'max_features': 0.67, 'n_estimators': 15};0.13928571428571423;-0.22412698412698417;0.033333333333333215;0.40222222222222226;0.060317460317460214;0.08220634920634914;0.20118450196195542;60
9;0.028216123580932617;0.0001497836521617899;0.002520132064819336;9.74825901967856e-06;;0.67;25;{'max_depth': None, 'max_features': 0.67, 'n_estimators': 25};0.06579999999999986;-0.312457142857143;-0.1976;0.46640000000000004;0.26125714285714274;0.05667999999999993;0.286609842404732;89
10;0.05576510429382324;0.000171098873624621;0.004398632049560547;2.1990104377017847e-05;;0.67;50;{'max_depth': None, 'max_features': 0.67, 'n_estimators': 50};0.14500000000000002;-0.33440000000000003;-0.24340000000000006;0.5484;0.24194285714285713;0.07150857142857141;0.32428488931298466;74
11;0.08287148475646973;0.00022164493925657191;0.006279468536376953;1.3272015158440405e-05;;0.67;75;{'max_depth': None, 'max_features': 0.67, 'n_estimators': 75};0.17320000000000002;-0.27634285714285745;-0.09440000000000026;0.5517333333333334;0.22763174603174607;0.11636444444444435;0.2841821380566096;36
12;0.006395673751831055;4.893557453245136e-05;0.001014852523803711;3.121736012140829e-06;;1.0;5;{'max_depth': None, 'max_features': 1.0, 'n_estimators': 5};0.09357142857142864;-0.6114285714285717;-0.6200000000000001;0.5999999999999999;0.6000000000000001;0.012428571428571367;0.5452023777030519;108
13;0.011926078796386718;7.879142118604834e-05;0.0013944149017333985;9.427156240550047e-06;;1.0;10;{'max_depth': None, 'max_features': 1.0, 'n_estimators': 10};0.12571428571428567;-0.2342857142857142;0.10999999999999988;0.49750000000000005;0.14;0.12778571428571428;0.23162650266041207;20
14;0.01746997833251953;8.069736005110281e-05;0.0017692089080810548;7.777855751325447e-06;;1.0;15;{'max_depth': None, 'max_features': 1.0, 'n_estimators': 15};0.13285714285714278;-0.3257142857142854;0.21111111111111092;0.4633333333333335;0.12380952380952392;0.12107936507936515;0.2549565571954196;30
15;0.028787851333618164;0.00039399894732837927;0.0025510787963867188;5.062362524837799e-05;;1.0;25;{'max_depth': None, 'max_features': 1.0, 'n_estimators': 25};0.062457142857142656;-0.445942857142857;0.0768000000000002;0.4540000000000002;0.07474285714285733;0.04441142857142868;0.28653264605825085;98
16;0.056291055679321286;0.00016305016949700268;0.004388856887817383;1.1225844550752381e-05;;1.0;50;{'max_depth': None, 'max_features': 1.0, 'n_estimators': 50};0.08817142857142857;-0.35257142857142854;0.029200000000000115;0.5071999999999999;0.05999999999999994;0.06639999999999999;0.2726684774818037;79
17;0.08404488563537597;0.0002876607015794668;0.006288957595825195;9.357921636784868e-06;;1.0;75;{'max_depth': None, 'max_features': 1.0, 'n_estimators': 75};0.11034285714285708;-0.32347936507936526;-0.030044444444444318;0.563911111111111;0.13376507936507942;0.09089904761904759;0.28715597427127926;53
18;0.006244850158691406;1.2980484908140093e-05;0.00101318359375;2.799160026824793e-06;;sqrt;5;{'max_depth': None, 'max_features': 'sqrt', 'n_estimators': 5};-0.5492857142857144;-0.3142857142857143;-0.060000000000000275;0.29000000000000004;0.22285714285714298;-0.08214285714285718;0.3175274373489444;128
19;0.011665534973144532;5.405142170271427e-05;0.0013927459716796876;5.17230960525863e-06;;sqrt;10;{'max_depth': None, 'max_features': 'sqrt', 'n_estimators': 10};-0.15071428571428536;-0.028571428571428692;0.22499999999999998;0.48249999999999993;0.36571428571428566;0.1787857142857143;0.23701799638897642;1
20;0.017347049713134766;0.0004828742143136096;0.0017817020416259766;2.0707034484707052e-05;;sqrt;15;{'max_depth': None, 'max_features': 'sqrt', 'n_estimators': 15};0.03285714285714281;0.019682539682539857;-0.08888888888888902;0.4522222222222223;0.33206349206349195;0.14958730158730157;0.2060376304586834;7
21;0.027934694290161134;5.4412029990934866e-05;0.0025313377380371095;7.427647582481672e-06;;sqrt;25;{'max_depth': None, 'max_features': 'sqrt', 'n_estimators': 25};-0.025485714285714334;-0.19085714285714261;0.021600000000000064;0.47440000000000015;0.24159999999999993;0.10425142857142863;0.23092277878820291;47
22;0.05499501228332519;0.0001352548746337291;0.004395532608032227;1.7916898446376615e-05;;sqrt;50;{'max_depth': None, 'max_features': 'sqrt', 'n_estimators': 50};0.09479285714285712;-0.2635428571428571;-0.041999999999999815;0.4972000000000001;0.2698285714285714;0.11125571428571435;0.2601271425550927;39
23;0.08204841613769531;9.621623912004813e-05;0.0062924385070800785;2.1317127686295496e-05;;sqrt;75;{'max_depth': None, 'max_features': 'sqrt', 'n_estimators': 75};0.06140000000000001;-0.2510984126984128;-0.016622222222222316;0.5068888888888889;0.2297650793650795;0.10606666666666667;0.25320913080575597;43
24;0.006268644332885742;0.0002150965116957859;0.0010174751281738282;1.6446804149371862e-05;1;0.33;5;{'max_depth': 1, 'max_features': 0.33, 'n_estimators': 5};-0.04198426204978123;-0.5926423432063415;-0.6038964692516411;0.2712890539115951;0.21613006527225365;-0.150220791064783;0.3808299085790813;141
25;0.011433601379394531;7.478381740327917e-05;0.0014108180999755859;4.1407095762293716e-05;1;0.33;10;{'max_depth': 1, 'max_features': 0.33, 'n_estimators': 10};0.013296737737653275;-0.38054224384436175;-0.30669615025297015;0.16705869695634945;0.30724859947885785;-0.039926871984894266;0.2658538191347043;122
26;0.017305946350097655;0.0004195403603992345;0.0018746376037597657;7.209809368811364e-05;1;0.33;15;{'max_depth': 1, 'max_features': 0.33, 'n_estimators': 15};0.06513884835456352;-0.2965262128289443;-0.43085682630205424;0.12099440908312342;0.1872129758426312;-0.07080736117013608;0.24593836732179514;127
27;0.02721877098083496;3.659656070466578e-05;0.0025164604187011717;1.541770200955293e-05;1;0.33;25;{'max_depth': 1, 'max_features': 0.33, 'n_estimators': 25};0.04631105648359013;-0.23420000094325943;-0.3378711716973215;0.22623428512285582;0.131621522606286;-0.0335808616855698;0.21634190009292686;119
28;0.05675911903381348;0.003140382721848146;0.004612493515014649;0.00034157468234531765;1;0.33;50;{'max_depth': 1, 'max_features': 0.33, 'n_estimators': 50};-0.003034374164654352;-0.33967652251114555;-0.14398686149332507;0.2815823068457033;0.1902889112156364;-0.002965308021557056;0.22431052746422783;114
29;0.08017735481262207;0.0004234559195952077;0.006249523162841797;1.9930766503570627e-05;1;0.33;75;{'max_depth': 1, 'max_features': 0.33, 'n_estimators': 75};0.03158673950548829;-0.3423728447914711;-0.06890113731505743;0.29600465765747885;0.17101975466577612;0.017467433944442945;0.21831409083444286;106
30;0.0061817169189453125;5.383573874425604e-05;0.0010294914245605469;2.4914456324793113e-05;1;0.67;5;{'max_depth': 1, 'max_features': 0.67, 'n_estimators': 5};0.29871101436604064;-0.5926423432063415;-0.751541366277193;0.17789163062345525;0.5786841572284624;-0.05777938145311525;0.5205950717703821;125
31;0.011459016799926757;8.854708107817323e-05;0.001390981674194336;7.51135832086871e-06;1;0.67;10;{'max_depth': 1, 'max_features': 0.67, 'n_estimators': 10};0.18883819026141624;-0.3473045832373043;-0.18732004423014215;0.28345372429023574;0.18732489469254165;0.02499843635534944;0.24644721767297006;104
32;0.016741514205932617;2.1229698525027967e-05;0.001762723922729492;3.456987182691928e-06;1;0.67;15;{'max_depth': 1, 'max_features': 0.67, 'n_estimators': 15};0.1497726694456044;-0.427214090855218;-0.10840226389108865;0.29217449140049023;0.18061954564111038;0.017390070348179677;0.25813642273572673;107
33;0.027390098571777342;0.00012163746729878307;0.002511930465698242;6.809595242735999e-06;1;0.67;25;{'max_depth': 1, 'max_features': 0.67, 'n_estimators': 25};0.12295814420102824;-0.27809681175029666;-0.22310570455759482;0.27373375068481987;0.10866578533041749;0.0008310327816748231;0.21399423516778016;113
34;0.05422883033752442;0.0006333378958472236;0.0043713092803955075;9.412673710121359e-06;1;0.67;50;{'max_depth': 1, 'max_features': 0.67, 'n_estimators': 50};0.043633616812228326;-0.33066750681748114;-0.16870278850764242;0.29927945220966823;0.12259741367386234;-0.006771962525872932;0.22094096152748124;116
35;0.08083462715148926;0.0007363100552576885;0.006258869171142578;3.0517056579901618e-05;1;0.67;75;{'max_depth': 1, 'max_features': 0.67, 'n_estimators': 75};0.10693816274028978;-0.36844385250812595;-0.08801441940351062;0.31638907545174044;0.122601214008072;0.01789403605769313;0.2317176312814912;105
36;0.006170129776000977;1.822528758368438e-05;0.0010119915008544923;3.5189160780897313e-06;1;1.0;5;{'max_depth': 1, 'max_features': 1.0, 'n_estimators': 5};0.09066543891563938;-0.5926423432063415;-0.2647850727869465;0.3744146561365286;0.42125706378742733;0.005781948569261464;0.3865314986957748;112
37;0.011518907546997071;1.5519859192145827e-05;0.0013895988464355468;7.924109679352183e-06;1;1.0;10;{'max_depth': 1, 'max_features': 1.0, 'n_estimators': 10};0.15415936131852637;-0.3473045832373043;-0.13480316953661764;0.2636350760879915;0.1161459743388259;0.010366531794284373;0.22136553143103305;111
38;0.01684107780456543;3.056991083552928e-05;0.0017873287200927735;5.527910469763688e-05;1;1.0;15;{'max_depth': 1, 'max_features': 1.0, 'n_estimators': 15};0.12584068569945117;-0.5038047169951254;-0.1629621958483518;0.23238022515144274;0.11879380696275299;-0.03795043900596606;0.2672538519198458;121
39;0.027758073806762696;0.00043997794302507294;0.0025476455688476563;6.1014216526559875e-05;1;1.0;25;{'max_depth': 1, 'max_features': 1.0, 'n_estimators': 25};0.11579372022711343;-0.4126339569485882;-0.18168123207618248;0.243730974904802;0.05728744349752357;-0.03550061007906633;0.2336956186540097;120
40;0.0555668830871582;0.001261278510444989;0.004508399963378906;0.00013464674003984208;1;1.0;50;{'max_depth': 1, 'max_features': 1.0, 'n_estimators': 50};0.07816955609595944;-0.48372662983615156;-0.10971982850920248;0.2499543926121931;0.031367747221133335;-0.04679095248321363;0.2468418685966369;123
41;0.08108329772949219;0.000510820160044097;0.006280422210693359;3.2937679866830896e-05;1;1.0;75;{'max_depth': 1, 'max_features': 1.0, 'n_estimators': 75};0.12945160887629625;-0.45712138492255616;-0.07682412254494597;0.2746510451641675;0.11388768356977585;-0.003191033971452506;0.25297126832452826;115
42;0.006136178970336914;1.7019145840703444e-05;0.0010204792022705078;7.076494773517283e-06;1;sqrt;5;{'max_depth': 1, 'max_features': 'sqrt', 'n_estimators': 5};-0.04198426204978123;-0.5926423432063415;-0.6038964692516411;0.16649452452053481;0.24907423243371818;-0.16459086351070218;0.3666022937727853;142
43;0.011436080932617188;4.473550920914702e-05;0.0013899803161621094;2.97020177886914e-06;1;sqrt;10;{'max_depth': 1, 'max_features': 'sqrt', 'n_estimators': 10};-0.039947520359410627;-0.38054224384436175;-0.30669615025297015;0.12837818722014016;0.3259473909918026;-0.05457206724895995;0.2639328855380197;124
44;0.016728925704956054;6.927565987000544e-05;0.0017702579498291016;5.830297117537252e-06;1;sqrt;15;{'max_depth': 1, 'max_features': 'sqrt', 'n_estimators': 15};0.026113150535523766;-0.21126378127090661;-0.5175770797429271;0.06636083348336408;0.19887653633558977;-0.08749806813187122;0.25253767745601396;131
45;0.02734508514404297;5.4250700431955e-05;0.002512359619140625;7.263906326719559e-06;1;sqrt;25;{'max_depth': 1, 'max_features': 'sqrt', 'n_estimators': 25};-0.016841054734374694;-0.18483568509234316;-0.4081055318024376;0.19823970686890946;0.11962044199809774;-0.05838442455242965;0.21797353191044647;126
46;0.05369644165039063;6.480415220505527e-05;0.0043814659118652345;1.1675599058516673e-05;1;sqrt;50;{'max_depth': 1, 'max_features': 'sqrt', 'n_estimators': 50};-0.028215240180301082;-0.30789884316778315;-0.18103726306414947;0.24038483699322644;0.22877782001409253;-0.009597737880982948;0.2181906808022513;117
47;0.08054089546203613;0.0004020430379547799;0.006323719024658203;0.0001220305012812748;1;sqrt;75;{'max_depth': 1, 'max_features': 'sqrt', 'n_estimators': 75};-0.01695742058100036;-0.31111095081163653;-0.163580665622733;0.22939762970718525;0.20932797428706607;-0.010584686604223714;0.2096270532994781;118
48;0.006174325942993164;1.38979832094094e-05;0.00101776123046875;8.238940287853925e-06;3;0.33;5;{'max_depth': 3, 'max_features': 0.33, 'n_estimators': 5};0.19503687562036587;-0.5841468780322585;-0.23557253580723847;0.32328802065862505;-0.38117283950617287;-0.13651347141333578;0.3439155757116019;140
49;0.011526870727539062;4.7665210947932264e-05;0.001393890380859375;7.132820873762189e-06;3;0.33;10;{'max_depth': 3, 'max_features': 0.33, 'n_estimators': 10};0.28287739084917873;-0.17183735211221474;-0.016660500736810135;0.42964939822736736;0.25256992130272915;0.15531977150605009;0.21798820131370655;5
50;0.01689748764038086;8.051779121945592e-05;0.0017673969268798828;5.216955908435002e-06;3;0.33;15;{'max_depth': 3, 'max_features': 0.33, 'n_estimators': 15};0.27674146800486754;-0.07598992484303335;-0.11797461780651286;0.493685796067061;0.163089750830976;0.14791049445067167;0.22681035225888543;10
51;0.027636909484863283;9.663132952921028e-05;0.0025234222412109375;9.997673115522672e-06;3;0.33;25;{'max_depth': 3, 'max_features': 0.33, 'n_estimators': 25};0.12399595649847583;-0.13316239870244018;-0.1283001149827676;0.5798105566977417;0.06770769723923176;0.1020103393500483;0.26011620803509167;51
52;0.054308605194091794;5.5958095068372664e-05;0.004391145706176758;1.2470362929066826e-05;3;0.33;50;{'max_depth': 3, 'max_features': 0.33, 'n_estimators': 50};0.12329023082072854;-0.1658540775428139;0.05818292173911499;0.5351198536671188;0.18785160445893168;0.147718106628616;0.22743420868123773;11
53;0.08135480880737304;0.0003975471031587236;0.006287336349487305;2.0547753598156115e-05;3;0.33;75;{'max_depth': 3, 'max_features': 0.33, 'n_estimators': 75};0.12038114587578097;-0.18665551611181086;0.05480365077945959;0.4995560250762031;0.18017011290554097;0.13365108370503476;0.2213774030983153;15
54;0.006247806549072266;1.372959838777002e-05;0.0010120391845703125;2.635145545892353e-06;3;0.67;5;{'max_depth': 3, 'max_features': 0.67, 'n_estimators': 5};0.22625000000000028;-0.29551420472951073;-0.23911341647770223;0.4952260204081633;0.1432324576031666;0.06601617136082345;0.2965355315746145;82
55;0.011691904067993164;1.382054737674458e-05;0.0013981342315673828;7.210181492399521e-06;3;0.67;10;{'max_depth': 3, 'max_features': 0.67, 'n_estimators': 10};0.19281074161807565;-0.17749546080336898;0.06008827544370732;0.4282914983555405;-0.05245986956046944;0.090247037010697;0.20868839381565824;56
56;0.01711573600769043;5.859038472445638e-05;0.001772928237915039;4.983803798848694e-06;3;0.67;15;{'max_depth': 3, 'max_features': 0.67, 'n_estimators': 15};0.18065801344347265;-0.3123939013299817;-0.0007034192311639043;0.4082082973113076;0.08438497947344081;0.07203079393341509;0.23581366567239584;73
57;0.027933549880981446;7.661816134272854e-05;0.002523326873779297;1.1398901726429148e-05;3;0.67;25;{'max_depth': 3, 'max_features': 0.67, 'n_estimators': 25};0.0816361361629031;-0.3443381001882295;-0.18986911898152892;0.4753611775490325;0.19637551212841642;0.04383312133411872;0.2885163241713411;101
58;0.05552802085876465;0.0004595109653008675;0.004466629028320313;4.391268961381766e-05;3;0.67;50;{'max_depth': 3, 'max_features': 0.67, 'n_estimators': 50};0.1138142678115408;-0.33361000814212116;-0.12594685102924652;0.5598756611383746;0.20978498736047957;0.08478361142780547;0.3038555997172044;59
59;0.08214921951293945;6.792869590257438e-05;0.006272792816162109;2.1107788065806734e-05;3;0.67;75;{'max_depth': 3, 'max_features': 0.67, 'n_estimators': 75};0.14043521486656863;-0.2693609230035676;0.013582957383332817;0.5630792027290212;0.20591304440972757;0.13072989927701653;0.27072816282255113;18
60;0.006323385238647461;2.0429230925883386e-05;0.0010161399841308594;2.195523153919475e-06;3;1.0;5;{'max_depth': 3, 'max_features': 1.0, 'n_estimators': 5};0.13767857142857154;-0.4973649497894397;-0.3268;0.49719030612244897;0.514810558820478;0.06510289731641176;0.4157310905116179;86
61;0.011840915679931641;5.268858565201366e-05;0.0013966560363769531;5.911627010868054e-06;3;1.0;10;{'max_depth': 3, 'max_features': 1.0, 'n_estimators': 10};0.16181919642857157;-0.26382549400712674;-0.08220286612426042;0.4341542091836732;0.11050400151968653;0.07208980940010883;0.23548374187063514;72
62;0.017328739166259766;3.454914736971573e-05;0.0017818450927734376;9.101970796728368e-06;3;1.0;15;{'max_depth': 3, 'max_features': 1.0, 'n_estimators': 15};0.15604662698412708;-0.3684889686342294;0.061066057600993595;0.44740235646538307;0.112089638453161;0.08162314217388707;0.2620248087936768;63
63;0.028282880783081055;7.604992107432967e-05;0.002522850036621094;5.96827948364826e-06;3;1.0;25;{'max_depth': 3, 'max_features': 1.0, 'n_estimators': 25};0.0988078716384625;-0.48866482639180675;0.005324637336547089;0.4440354530155479;0.07390894611193433;0.026682416342137017;0.2992172852473089;103
64;0.055946731567382814;0.0001733972021565399;0.004498529434204102;0.00015891533879170121;3;1.0;50;{'max_depth': 3, 'max_features': 1.0, 'n_estimators': 50};0.09128951381937145;-0.4450706041173158;-0.021824579010798928;0.46787457712129055;0.051162773610612944;0.02868633628463204;0.2913100238936211;102
65;0.08323616981506347;0.00025145483879560526;0.006276845932006836;1.2958219758702462e-05;3;1.0;75;{'max_depth': 3, 'max_features': 1.0, 'n_estimators': 75};0.1060691396041894;-0.3704299468141181;0.011485009941871405;0.5181982537838842;0.09958086034273683;0.07298066337171275;0.2829896836165017;71
66;0.0061681270599365234;1.55795185591741e-05;0.0010139942169189453;4.756435714545251e-06;3;sqrt;5;{'max_depth': 3, 'max_features': 'sqrt', 'n_estimators': 5};-0.40841591492423657;-0.43652466448772986;-0.696686208208855;0.2726983292391032;0.03812887562463707;-0.2461599165514162;0.3508770959527437;144
67;0.011547040939331055;1.0303876164408362e-05;0.001393270492553711;9.022686448929433e-06;3;sqrt;10;{'max_depth': 3, 'max_features': 'sqrt', 'n_estimators': 10};-0.09029906728780435;-0.14141784137065505;-0.005094612089442618;0.3957875815164189;0.23875403220446478;0.07954601859459634;0.20503284355857346;68
68;0.01688838005065918;5.248415573541855e-05;0.0017633438110351562;9.323355411113943e-06;3;sqrt;15;{'max_depth': 3, 'max_features': 'sqrt', 'n_estimators': 15};-0.002364148459875759;-0.12055387862068057;-0.21630815564652428;0.44298345770248937;0.2914445733923742;0.07904036967355658;0.24950568250638494;69
69;0.027594375610351562;4.8397773577516576e-05;0.002519989013671875;6.483232036757274e-06;3;sqrt;25;{'max_depth': 3, 'max_features': 'sqrt', 'n_estimators': 25};-0.008931495681644419;-0.15782909143724155;-0.005599323647426324;0.4783577651615416;0.18048063408926396;0.09729569769689865;0.21867249162356978;52
70;0.054620981216430664;0.00032863466807114903;0.004424142837524414;4.264731951934348e-05;3;sqrt;50;{'max_depth': 3, 'max_features': 'sqrt', 'n_estimators': 50};0.05491576113124874;-0.21052266536023123;0.12487768011401557;0.5193965305666994;0.2799659523532064;0.1537266517609878;0.2420430711981654;6
71;0.08128671646118164;0.00011729606753275852;0.006286001205444336;1.19766838853715e-05;3;sqrt;75;{'max_depth': 3, 'max_features': 'sqrt', 'n_estimators': 75};0.04530199771198129;-0.1915113515943685;0.12499349898459555;0.4760220804698133;0.32905860226911243;0.1567729655682268;0.23079861989684405;4
72;0.0061915874481201175;4.850162931423726e-06;0.0010192394256591797;2.7598945862746776e-06;5;0.33;5;{'max_depth': 5, 'max_features': 0.33, 'n_estimators': 5};0.1449999999999998;-0.4771428571428571;-0.21704142011834304;0.43000000000000016;-0.4807142857142861;-0.11997971259509725;0.35771716522616626;136
73;0.011559534072875976;3.926527442951267e-05;0.0013955116271972656;6.526575239552142e-06;5;0.33;10;{'max_depth': 5, 'max_features': 0.33, 'n_estimators': 10};0.1763714285714285;-0.06094752186588903;-0.1857988165680473;0.530277777777778;0.27410714285714277;0.14680200215448258;0.25215780363233953;12
74;0.01699056625366211;5.784166417898846e-05;0.0017685890197753906;8.626668184911823e-06;5;0.33;15;{'max_depth': 5, 'max_features': 0.33, 'n_estimators': 15};0.2214666666666666;-0.06708778749595057;-0.3689635765943462;0.4690123456790123;0.19007936507936507;0.08890140266694943;0.2850501096215845;58
75;0.027962493896484374;0.00034813718621670237;0.0025760173797607423;8.85583788007012e-05;5;0.33;25;{'max_depth': 5, 'max_features': 0.33, 'n_estimators': 25};0.113282285714286;-0.12859060576611592;-0.3950860328731096;0.5467416666666666;0.19904444444444447;0.0670783516372343;0.31670459679681356;77
76;0.05457911491394043;0.00011075025215367704;0.004399824142456055;6.57170875143501e-06;5;0.33;50;{'max_depth': 5, 'max_features': 0.33, 'n_estimators': 50};0.10704744273907918;-0.1916900724003887;-0.013624277710689636;0.5449007023809525;0.21747998222482245;0.13282275544675515;0.24673660291833577;16
77;0.08151826858520508;0.00013669954145298968;0.0062735557556152345;1.2578382182157555e-05;5;0.33;75;{'max_depth': 5, 'max_features': 0.33, 'n_estimators': 75};0.08937058061130798;-0.1779423119893464;0.00016376921536365163;0.5187172786596119;0.22653320043339242;0.13136850338606593;0.23398593186960068;17
78;0.006276607513427734;3.5844391860193014e-05;0.001014375686645508;2.539353743685598e-06;5;0.67;5;{'max_depth': 5, 'max_features': 0.67, 'n_estimators': 5};0.08714285714285719;-0.33714285714285697;-0.7000000000000002;0.53;-0.05428571428571449;-0.09485714285714289;0.41233887391170815;135
79;0.011718177795410156;3.4712500602295866e-05;0.0014415740966796874;8.488205026837553e-05;5;0.67;10;{'max_depth': 5, 'max_features': 0.67, 'n_estimators': 10};0.16589285714285706;-0.18285714285714305;-0.03500000000000014;0.4175000000000001;-0.04928571428571438;0.06324999999999992;0.20924373055245943;88
80;0.01734333038330078;0.00031032796717005964;0.0017898082733154297;1.3357399564297843e-05;5;0.67;15;{'max_depth': 5, 'max_features': 0.67, 'n_estimators': 15};0.13928571428571423;-0.22412698412698417;0.02172839506172819;0.41506172839506184;0.027936507936507815;0.07597707231040558;0.20702639814264132;70
81;0.028156137466430663;0.0001614543860495987;0.0025548934936523438;3.199005217930879e-05;5;0.67;25;{'max_depth': 5, 'max_features': 0.67, 'n_estimators': 25};0.06579999999999986;-0.312457142857143;-0.20377777777777784;0.4723111111111111;0.24414285714285722;0.05320380952380947;0.2870591515601478;92
82;0.055364799499511716;0.00015377635360100468;0.004411029815673828;1.2990990603529222e-05;5;0.67;50;{'max_depth': 5, 'max_features': 0.67, 'n_estimators': 50};0.1402991071428571;-0.33339532262609195;-0.246677777777778;0.5470499999999999;0.2259863174603174;0.0666524648398609;0.3224304481579097;78
83;0.08239827156066895;0.00012215481009207488;0.006276559829711914;1.9857505455133857e-05;5;0.67;75;{'max_depth': 5, 'max_features': 0.67, 'n_estimators': 75};0.1699964285714286;-0.27605001721924793;-0.09610370370370425;0.5523433106575965;0.20451476543209868;0.11094015674763431;0.28273986270469514;42
84;0.006357526779174805;4.0075489535952667e-05;0.0010148048400878905;3.99690810960691e-06;5;1.0;5;{'max_depth': 5, 'max_features': 1.0, 'n_estimators': 5};0.09357142857142864;-0.6114285714285717;-0.4500000000000002;0.5999999999999999;0.6000000000000001;0.046428571428571354;0.508787273618276;97
85;0.01203141212463379;0.00030207133797085253;0.0013994216918945313;9.41508901223448e-06;5;1.0;10;{'max_depth': 5, 'max_features': 1.0, 'n_estimators': 10};0.12571428571428567;-0.2342857142857142;0.16749999999999998;0.49750000000000005;0.14;0.1392857142857143;0.23188524167381253;14
86;0.017520332336425783;0.0001689491047598951;0.001786518096923828;1.8690191880514633e-05;5;1.0;15;{'max_depth': 5, 'max_features': 1.0, 'n_estimators': 15};0.13285714285714278;-0.3257142857142854;0.25;0.45950617283950623;0.12380952380952392;0.1280917107583775;0.25716846834907364;19
87;0.02842421531677246;0.0001437674232940163;0.00252227783203125;6.676401376032691e-06;5;1.0;25;{'max_depth': 5, 'max_features': 1.0, 'n_estimators': 25};0.062457142857142656;-0.445942857142857;0.10199999999999987;0.4510222222222223;0.07474285714285733;0.04885587301587304;0.28644126257299096;93
88;0.05600218772888184;0.00020215131012832368;0.004391002655029297;1.5586376416299168e-05;5;1.0;50;{'max_depth': 5, 'max_features': 1.0, 'n_estimators': 50};0.08817142857142857;-0.3594934911242602;0.042300000000000115;0.5057368055555553;0.04531428571428564;0.06440580574340189;0.274183012928622;87
89;0.08377642631530761;0.0003845876410222305;0.0063053607940673825;2.8719138439781002e-05;5;1.0;75;{'max_depth': 5, 'max_features': 1.0, 'n_estimators': 75};0.11034285714285708;-0.32849381046304105;-0.02128888888888869;0.5630533950617282;0.12449523809523821;0.08962175818957877;0.28736904451213;57
90;0.006266450881958008;0.00011809376438789636;0.001025819778442383;2.66387714827713e-05;5;sqrt;5;{'max_depth': 5, 'max_features': 'sqrt', 'n_estimators': 5};-0.5492857142857144;-0.4606297548605245;-0.2684444444444445;0.19378888888888868;-0.0617168772270813;-0.2292575803857752;0.27000922291805984;143
91;0.011619949340820312;3.5065075641546084e-05;0.001397085189819336;4.651057028425807e-06;5;sqrt;10;{'max_depth': 5, 'max_features': 'sqrt', 'n_estimators': 10};-0.16517857142857117;-0.10738215277657992;0.12588194444444445;0.4344472222222222;0.23081227729186915;0.10371614395067694;0.22040628611566707;50
92;0.017230749130249023;0.00029900191778844254;0.0018019676208496094;3.904303516514202e-05;5;sqrt;15;{'max_depth': 5, 'max_features': 'sqrt', 'n_estimators': 15};-0.0069841269841268705;-0.0332782357011554;-0.12449691358024717;0.4164209876543211;0.27074468559910747;0.10448127939757983;0.2043443835824727;46
93;0.027917146682739258;0.00020624284771230975;0.0025728225708007814;9.175856123132247e-05;5;sqrt;25;{'max_depth': 5, 'max_features': 'sqrt', 'n_estimators': 25};-0.05057142857142849;-0.21779426459882356;0.0323917777777778;0.43068541950113404;0.20606849497894397;0.08015599981752075;0.22220273265985066;67
94;0.05472674369812012;0.00013860882762777884;0.004435491561889648;4.632673612600116e-05;5;sqrt;50;{'max_depth': 5, 'max_features': 'sqrt', 'n_estimators': 50};0.08863871428571446;-0.23692817024075197;0.07605836111111086;0.49243920918367323;0.2784128788467769;0.1397241986373047;0.2417322904552762;13
95;0.08182816505432129;0.00042402614996012926;0.006304121017456055;3.068127537693809e-05;5;sqrt;75;{'max_depth': 5, 'max_features': 'sqrt', 'n_estimators': 75};0.0572397063492065;-0.23649017554839347;0.06306526051902228;0.5010222342338164;0.24782639412590435;0.12653268393591122;0.24313363177485453;26
96;0.006210994720458984;6.576896533800761e-06;0.0010179042816162109;2.319409657862722e-06;10;0.33;5;{'max_depth': 10, 'max_features': 0.33, 'n_estimators': 5};0.1449999999999998;-0.43999999999999995;-0.24;0.42000000000000015;-0.49714285714285755;-0.12242857142857151;0.3523725996436044;137
97;0.011665248870849609;0.00013180512229853152;0.001392507553100586;9.495646620097449e-06;10;0.33;10;{'max_depth': 10, 'max_features': 0.33, 'n_estimators': 10};0.1819642857142858;-0.039999999999999813;-0.2849999999999999;0.5125000000000002;0.26857142857142846;0.12760714285714295;0.27177378423225146;23
98;0.01698956489562988;7.686115064053219e-05;0.0017749786376953125;8.571670168801761e-06;10;0.33;15;{'max_depth': 10, 'max_features': 0.33, 'n_estimators': 15};0.22499999999999987;-0.04761904761904767;-0.41333333333333355;0.45444444444444443;0.18603174603174588;0.08090476190476178;0.29398526468661607;64
99;0.02780613899230957;7.666432362135713e-05;0.0025319576263427733;6.549180875163802e-06;10;0.33;25;{'max_depth': 10, 'max_features': 0.33, 'n_estimators': 25};0.09665714285714289;-0.12365714285714269;-0.4328000000000001;0.5299999999999998;0.16754285714285722;0.047548571428571426;0.3192540706083479;94
100;0.05458312034606934;8.236116585674757e-05;0.0043980121612548825;1.389438350096292e-05;10;0.33;50;{'max_depth': 10, 'max_features': 0.33, 'n_estimators': 50};0.0974285714285712;-0.17828571428571438;-0.10599999999999987;0.5523999999999998;0.23222857142857123;0.11955428571428559;0.2608155883659829;33
101;0.08167562484741211;0.00048801623077652714;0.0063097476959228516;4.5236242154427456e-05;10;0.33;75;{'max_depth': 10, 'max_features': 0.33, 'n_estimators': 75};0.08331428571428556;-0.1635301587301583;-0.07146666666666657;0.5254666666666667;0.23738412698412692;0.12223365079365087;0.24353725877282512;27
102;0.006264257431030274;3.543654088204575e-05;0.0010200977325439454;3.557473650664232e-06;10;0.67;5;{'max_depth': 10, 'max_features': 0.67, 'n_estimators': 5};0.08714285714285719;-0.33714285714285697;-0.7000000000000002;0.53;-0.040000000000000036;-0.092;0.41265946824796584;132
103;0.011751079559326172;4.152170274809656e-05;0.001392030715942383;9.246953248891326e-06;10;0.67;10;{'max_depth': 10, 'max_features': 0.67, 'n_estimators': 10};0.16589285714285706;-0.18285714285714305;-0.03500000000000014;0.4175000000000001;-0.04000000000000026;0.06510714285714274;0.20827564643510108;83
104;0.017187881469726562;8.79168502355026e-05;0.0017595767974853515;5.860249136252295e-06;10;0.67;15;{'max_depth': 10, 'max_features': 0.67, 'n_estimators': 15};0.13928571428571423;-0.22412698412698417;0.033333333333333215;0.40222222222222226;0.060317460317460214;0.08220634920634914;0.20118450196195542;60
105;0.02807755470275879;0.00010392877806733732;0.0025150299072265623;1.1786079639782188e-05;10;0.67;25;{'max_depth': 10, 'max_features': 0.67, 'n_estimators': 25};0.06579999999999986;-0.312457142857143;-0.1976;0.46640000000000004;0.26125714285714274;0.05667999999999993;0.286609842404732;89
106;0.05534200668334961;0.00014955953188696393;0.004394674301147461;1.531723867878455e-05;10;0.67;50;{'max_depth': 10, 'max_features': 0.67, 'n_estimators': 50};0.14500000000000002;-0.33440000000000003;-0.24340000000000006;0.5484;0.24194285714285713;0.07150857142857141;0.32428488931298466;74
107;0.08292346000671387;0.0004584951665683442;0.0063385009765625;0.00011751560585022713;10;0.67;75;{'max_depth': 10, 'max_features': 0.67, 'n_estimators': 75};0.17320000000000002;-0.27634285714285745;-0.09440000000000026;0.5517333333333334;0.22763174603174607;0.11636444444444435;0.2841821380566096;36
108;0.006415605545043945;0.00011109026642867766;0.0010142326354980469;3.862086626303975e-06;10;1.0;5;{'max_depth': 10, 'max_features': 1.0, 'n_estimators': 5};0.09357142857142864;-0.6114285714285717;-0.6200000000000001;0.5999999999999999;0.6000000000000001;0.012428571428571367;0.5452023777030519;108
109;0.011909294128417968;2.2538514220212977e-05;0.0013884544372558595;8.019658211911068e-06;10;1.0;10;{'max_depth': 10, 'max_features': 1.0, 'n_estimators': 10};0.12571428571428567;-0.2342857142857142;0.10999999999999988;0.49750000000000005;0.14;0.12778571428571428;0.23162650266041207;20
110;0.017463159561157227;2.6561755824489888e-05;0.0017702579498291016;5.77347216326344e-06;10;1.0;15;{'max_depth': 10, 'max_features': 1.0, 'n_estimators': 15};0.13285714285714278;-0.3257142857142854;0.21111111111111092;0.4633333333333335;0.12380952380952392;0.12107936507936515;0.2549565571954196;30
111;0.028446531295776366;0.00015299085218750826;0.0025204181671142577;9.055638563091842e-06;10;1.0;25;{'max_depth': 10, 'max_features': 1.0, 'n_estimators': 25};0.062457142857142656;-0.445942857142857;0.0768000000000002;0.4540000000000002;0.07474285714285733;0.04441142857142868;0.28653264605825085;98
112;0.05631265640258789;0.0003575355601389739;0.0044002532958984375;1.880758429163714e-05;10;1.0;50;{'max_depth': 10, 'max_features': 1.0, 'n_estimators': 50};0.08817142857142857;-0.35257142857142854;0.029200000000000115;0.5071999999999999;0.05999999999999994;0.06639999999999999;0.2726684774818037;79
113;0.0837667465209961;0.00026405920110643313;0.006290340423583984;3.250567815328925e-05;10;1.0;75;{'max_depth': 10, 'max_features': 1.0, 'n_estimators': 75};0.11034285714285708;-0.32347936507936526;-0.030044444444444318;0.563911111111111;0.13376507936507942;0.09089904761904759;0.28715597427127926;53
114;0.0062291622161865234;1.2097951681289212e-05;0.0010120391845703125;2.850672755744004e-06;10;sqrt;5;{'max_depth': 10, 'max_features': 'sqrt', 'n_estimators': 5};-0.5492857142857144;-0.3142857142857143;-0.060000000000000275;0.29000000000000004;0.22285714285714298;-0.08214285714285718;0.3175274373489444;128
115;0.011656713485717774;6.044339366079458e-05;0.0013879299163818359;9.562457702716923e-06;10;sqrt;10;{'max_depth': 10, 'max_features': 'sqrt', 'n_estimators': 10};-0.15071428571428536;-0.028571428571428692;0.22499999999999998;0.48249999999999993;0.36571428571428566;0.1787857142857143;0.23701799638897642;1
116;0.017000961303710937;3.3504181727699454e-05;0.001767444610595703;8.329513990908943e-06;10;sqrt;15;{'max_depth': 10, 'max_features': 'sqrt', 'n_estimators': 15};0.03285714285714281;0.019682539682539857;-0.08888888888888902;0.4522222222222223;0.33206349206349195;0.14958730158730157;0.2060376304586834;7
117;0.027722549438476563;5.375107605156882e-05;0.002518177032470703;9.816362037579998e-06;10;sqrt;25;{'max_depth': 10, 'max_features': 'sqrt', 'n_estimators': 25};-0.025485714285714334;-0.19085714285714261;0.021600000000000064;0.47440000000000015;0.24159999999999993;0.10425142857142863;0.23092277878820291;47
118;0.054952573776245114;0.00027426595626901275;0.004400920867919922;2.5469264881794575e-05;10;sqrt;50;{'max_depth': 10, 'max_features': 'sqrt', 'n_estimators': 50};0.09479285714285712;-0.2635428571428571;-0.041999999999999815;0.4972000000000001;0.2698285714285714;0.11125571428571435;0.2601271425550927;39
119;0.08175954818725586;0.00018934822294825016;0.0062835693359375;1.0976994377532787e-05;10;sqrt;75;{'max_depth': 10, 'max_features': 'sqrt', 'n_estimators': 75};0.06140000000000001;-0.2510984126984128;-0.016622222222222316;0.5068888888888889;0.2297650793650795;0.10606666666666667;0.25320913080575597;43
120;0.006216526031494141;3.233680250111133e-05;0.0010062217712402343;4.0757724087444495e-06;15;0.33;5;{'max_depth': 15, 'max_features': 0.33, 'n_estimators': 5};0.1449999999999998;-0.43999999999999995;-0.24;0.42000000000000015;-0.49714285714285755;-0.12242857142857151;0.3523725996436044;137
121;0.011593866348266601;4.1338894093132935e-05;0.0013880252838134766;6.45300045875355e-06;15;0.33;10;{'max_depth': 15, 'max_features': 0.33, 'n_estimators': 10};0.1819642857142858;-0.039999999999999813;-0.2849999999999999;0.5125000000000002;0.26857142857142846;0.12760714285714295;0.27177378423225146;23
122;0.01701078414916992;4.799540692299061e-05;0.001769256591796875;6.482881316893516e-06;15;0.33;15;{'max_depth': 15, 'max_features': 0.33, 'n_estimators': 15};0.22499999999999987;-0.04761904761904767;-0.41333333333333355;0.45444444444444443;0.18603174603174588;0.08090476190476178;0.29398526468661607;64
123;0.027800273895263673;4.009301723318527e-05;0.0025189876556396484;7.579461249817629e-06;15;0.33;25;{'max_depth': 15, 'max_features': 0.33, 'n_estimators': 25};0.09665714285714289;-0.12365714285714269;-0.4328000000000001;0.5299999999999998;0.16754285714285722;0.047548571428571426;0.3192540706083479;94
124;0.05486388206481933;0.0003874264320778059;0.004419708251953125;3.9843903478012454e-05;15;0.33;50;{'max_depth': 15, 'max_features': 0.33, 'n_estimators': 50};0.0974285714285712;-0.17828571428571438;-0.10599999999999987;0.5523999999999998;0.23222857142857123;0.11955428571428559;0.2608155883659829;33
125;0.0816150188446045;0.00020331060421395017;0.0062940120697021484;4.722734450782073e-05;15;0.33;75;{'max_depth': 15, 'max_features': 0.33, 'n_estimators': 75};0.08331428571428556;-0.1635301587301583;-0.07146666666666657;0.5254666666666667;0.23738412698412692;0.12223365079365087;0.24353725877282512;27
126;0.006265115737915039;3.281886950401564e-05;0.0010066032409667969;3.1773245332637178e-06;15;0.67;5;{'max_depth': 15, 'max_features': 0.67, 'n_estimators': 5};0.08714285714285719;-0.33714285714285697;-0.7000000000000002;0.53;-0.040000000000000036;-0.092;0.41265946824796584;132
127;0.011765384674072265;3.288469009780294e-05;0.0014010429382324218;1.8507548381895734e-05;15;0.67;10;{'max_depth': 15, 'max_features': 0.67, 'n_estimators': 10};0.16589285714285706;-0.18285714285714305;-0.03500000000000014;0.4175000000000001;-0.04000000000000026;0.06510714285714274;0.20827564643510108;83
128;0.01719522476196289;2.9778852758226756e-05;0.0017673492431640625;8.53711648781798e-06;15;0.67;15;{'max_depth': 15, 'max_features': 0.67, 'n_estimators': 15};0.13928571428571423;-0.22412698412698417;0.033333333333333215;0.40222222222222226;0.060317460317460214;0.08220634920634914;0.20118450196195542;60
129;0.028285884857177736;0.0003700690022843433;0.0025258541107177736;1.535341604591683e-05;15;0.67;25;{'max_depth': 15, 'max_features': 0.67, 'n_estimators': 25};0.06579999999999986;-0.312457142857143;-0.1976;0.46640000000000004;0.26125714285714274;0.05667999999999993;0.286609842404732;89
130;0.0553642749786377;8.12818695507915e-05;0.004387950897216797;2.451685039834258e-05;15;0.67;50;{'max_depth': 15, 'max_features': 0.67, 'n_estimators': 50};0.14500000000000002;-0.33440000000000003;-0.24340000000000006;0.5484;0.24194285714285713;0.07150857142857141;0.32428488931298466;74
131;0.08253850936889648;0.00016941928272743228;0.006267642974853516;5.4086871866032555e-06;15;0.67;75;{'max_depth': 15, 'max_features': 0.67, 'n_estimators': 75};0.17320000000000002;-0.27634285714285745;-0.09440000000000026;0.5517333333333334;0.22763174603174607;0.11636444444444435;0.2841821380566096;36
132;0.006381368637084961;4.842130493376342e-05;0.0010097503662109375;4.337383762842875e-06;15;1.0;5;{'max_depth': 15, 'max_features': 1.0, 'n_estimators': 5};0.09357142857142864;-0.6114285714285717;-0.6200000000000001;0.5999999999999999;0.6000000000000001;0.012428571428571367;0.5452023777030519;108
133;0.011886024475097656;0.0001044180399966623;0.0013869285583496093;5.312830513909025e-06;15;1.0;10;{'max_depth': 15, 'max_features': 1.0, 'n_estimators': 10};0.12571428571428567;-0.2342857142857142;0.10999999999999988;0.49750000000000005;0.14;0.12778571428571428;0.23162650266041207;20
134;0.017398691177368163;9.946388791075431e-05;0.0017732143402099609;3.913552194344175e-06;15;1.0;15;{'max_depth': 15, 'max_features': 1.0, 'n_estimators': 15};0.13285714285714278;-0.3257142857142854;0.21111111111111092;0.4633333333333335;0.12380952380952392;0.12107936507936515;0.2549565571954196;30
135;0.028683996200561522;0.00018263657455501876;0.002565145492553711;5.266665872700751e-05;15;1.0;25;{'max_depth': 15, 'max_features': 1.0, 'n_estimators': 25};0.062457142857142656;-0.445942857142857;0.0768000000000002;0.4540000000000002;0.07474285714285733;0.04441142857142868;0.28653264605825085;98
136;0.05608181953430176;0.00021607492661953915;0.0044132709503173825;4.200109883499291e-05;15;1.0;50;{'max_depth': 15, 'max_features': 1.0, 'n_estimators': 50};0.08817142857142857;-0.35257142857142854;0.029200000000000115;0.5071999999999999;0.05999999999999994;0.06639999999999999;0.2726684774818037;79
137;0.08452816009521484;0.001002708063147528;0.006360292434692383;0.00017489591349536447;15;1.0;75;{'max_depth': 15, 'max_features': 1.0, 'n_estimators': 75};0.11034285714285708;-0.32347936507936526;-0.030044444444444318;0.563911111111111;0.13376507936507942;0.09089904761904759;0.28715597427127926;53
138;0.006222963333129883;1.3607833085431647e-05;0.0010103225708007813;3.096138588094316e-06;15;sqrt;5;{'max_depth': 15, 'max_features': 'sqrt', 'n_estimators': 5};-0.5492857142857144;-0.3142857142857143;-0.060000000000000275;0.29000000000000004;0.22285714285714298;-0.08214285714285718;0.3175274373489444;128
139;0.011664247512817383;0.00011810830000386581;0.0014079093933105468;2.8536781765765973e-05;15;sqrt;10;{'max_depth': 15, 'max_features': 'sqrt', 'n_estimators': 10};-0.15071428571428536;-0.028571428571428692;0.22499999999999998;0.48249999999999993;0.36571428571428566;0.1787857142857143;0.23701799638897642;1
140;0.017177772521972657;0.0002103402915428946;0.0017808437347412109;3.2297613739275573e-05;15;sqrt;15;{'max_depth': 15, 'max_features': 'sqrt', 'n_estimators': 15};0.03285714285714281;0.019682539682539857;-0.08888888888888902;0.4522222222222223;0.33206349206349195;0.14958730158730157;0.2060376304586834;7
141;0.027772045135498045;3.2669296557831076e-05;0.0025223731994628907;6.783165703614533e-06;15;sqrt;25;{'max_depth': 15, 'max_features': 'sqrt', 'n_estimators': 25};-0.025485714285714334;-0.19085714285714261;0.021600000000000064;0.47440000000000015;0.24159999999999993;0.10425142857142863;0.23092277878820291;47
142;0.05471105575561523;5.579002902033142e-05;0.004433441162109375;7.452957155757035e-05;15;sqrt;50;{'max_depth': 15, 'max_features': 'sqrt', 'n_estimators': 50};0.09479285714285712;-0.2635428571428571;-0.041999999999999815;0.4972000000000001;0.2698285714285714;0.11125571428571435;0.2601271425550927;39
143;0.08163094520568848;3.785288219595194e-05;0.006271743774414062;2.0801033854629745e-05;15;sqrt;75;{'max_depth': 15, 'max_features': 'sqrt', 'n_estimators': 75};0.06140000000000001;-0.2510984126984128;-0.016622222222222316;0.5068888888888889;0.2297650793650795;0.10606666666666667;0.25320913080575597;43
